,ICD
0,M301
1,Q605
2,A319
3,P005
4,K449
5,V943
6,S372
7,I214
8,C947
9,P000
10,C185
11,T024
12,C312
13,C340
14,M432
15,C451
16,J358
17,F200
18,J961
19,Q279
20,M45
21,E853
22,A430
23,S370
24,L010
25,Y02
26,Q269
27,Q999
28,A401
29,M679
30,K744
31,Q390
32,T174
33,Q917
34,D550
35,N838
36,G3090
37,T534
38,C254
39,L130
40,V129
41,W75
42,B023
43,K420
44,Q772
45,M838
46,Q921
47,Y405
48,T494
49,S817
50,C836
51,R18
52,F83
53,C725
54,E702
55,D849
56,M213
57,S198
58,M169
59,P070
60,M189
61,B789
62,S920
63,C031
64,E701
65,D823
66,W24
67,A369
68,B44
69,R53
70,G20
71,P832
72,Q203
73,O101
74,V675
75,M413
76,D732
77,B54
78,J069
79,T431
80,Q901
81,V877
82,J359
83,N171
84,T929
85,T149
86,H544
87,V099
88,W11
89,G500
90,E049
91,T497
92,X82
93,E102
94,F849
95,H312
96,K918
97,I342
98,N211
99,D372
100,P599
101,N049
102,B348
103,C062
104,G243
105,N950
106,D333
107,A78
108,D471
109,O266
110,C763
111,Q232
112,N924
113,K279
114,T919
115,S258
116,J122
117,I361
118,N816
119,T609
120,I455
121,Y061
122,B008
123,P017
124,T455
125,M414
126,F102
127,C752
128,T443
129,I319
130,E559
131,I150
132,C444
133,R599
134,X15
135,M258
136,C069
137,W87
138,S065
139,V871
140,Q934
141,S069
142,I011
143,C755
144,B022
145,Y859
146,T486
147,C099
148,V958
149,X00
150,T598
151,T652
152,X72
153,E834
154,T438
155,H708
156,C761
157,V819
158,C457
159,N057
160,K439
161,J111
162,V349
163,M199
164,Q968
165,F519
166,R268
167,K598
168,Y870
169,R401
170,V960
171,S118
172,L928
173,L89
174,I211
175,Q688
176,X38
177,P783
178,Q048
179,J958
180,G933
181,M869
182,G950
183,O141
184,E550
185,P012
186,T355
187,S830
188,X92
189,D431
190,L97
191,T599
192,Q204
193,K753
194,V154
195,D320
196,V863
197,A499
198,T240
199,S751
200,Q927
201,K319
202,Q675
203,Y608
204,Q423
205,E213
206,R162
207,O754
208,D467
209,G120
210,E722
211,P360
212,A318
213,C910
214,P614
215,M503
216,V884
217,X50
218,L299
219,Q431
220,V429
221,G98
222,I868
223,T568
224,I739
225,D721
226,S298
227,E874
228,I341
229,N399
230,C212
231,R441
232,Q789
233,V050
234,Q240
235,I351
236,C501
237,E875
238,K862
239,I269
240,K70
241,C66
242,X97
243,R635
244,M543
245,P352
246,K510
247,K137
248,J709
249,C089
250,S008
251,T535
252,Y423
253,J42
254,G255
255,P378
256,O345
257,I330
258,I130
259,G459
260,Y844
261,A870
262,S022
263,N736
264,V859
265,V573
266,F438
267,I254
268,E160
269,G049
270,Q070
271,T142
272,D469
273,M415
274,S367
275,O468
276,W35
277,I210
278,R234
279,L419
280,P281
281,E804
282,W21
283,C788
284,P399
285,K839
286,Q225
287,J841
288,Q399
289,C695
290,T793
291,Q518
292,C792
293,I272
294,S519
295,T424
296,S015
297,Q798
298,G911
299,D569
300,M064
301,A415
302,G910
303,I10
304,C833
305,C163
306,S860
307,O039
308,C530
309,D210
310,P372
311,T07
312,T435
313,I878
314,M317
315,R060
316,R482
317,J391
318,Q382
319,Y609
320,X81
321,A630
322,P016
323,E791
324,Y18
325,D692
326,C090
327,F339
328,F202
329,D181
330,G549
331,Y842
332,S321
333,E770
334,G211
335,Q228
336,I898
337,C498
338,P912
339,C791
340,K912
341,Y846
342,O988
343,T820
344,V684
345,K829
346,S141
347,M359
348,S379
349,W36
350,V923
351,N178
352,J101
353,K122
354,R296
355,K624
356,V950
357,E052
358,C830
359,E291
360,I339
361,K767
362,M319
363,C822
364,L630
365,X94
366,S729
367,K590
368,L892
369,G2000
370,C760
371,C179
372,S912
373,E882
374,T910
375,K810
376,T436
377,E164
378,K604
379,X99
380,K623
381,N022
382,Q288
383,P549
384,C541
385,B447
386,C696
387,T817
388,V298
389,T391
390,T159
391,T363
392,T959
393,T835
394,R470
395,F220
396,K520
397,O743
398,C762
399,V021
400,V905
401,R074
402,N645
403,I728
404,S730
405,M315
406,J47
407,C900
408,T407
409,E243
410,J46
411,V801
412,W07
413,I078
414,W79
415,Q2830
416,W37
417,E43
418,B99
419,K469
420,X30
421,K3190
422,Q311
423,I370
424,O230
425,F259
426,M542
427,D000
428,B371
429,M711
430,I6340
431,F442
432,G718
433,D359
434,G008
435,Q809
436,G529
437,Q429
438,K115
439,C419
440,N883
441,Y606
442,V929
443,J459
444,G629
445,I425
446,N764
447,Q453
448,V293
449,S727
450,E668
451,T802
452,V867
453,E233
454,Y00
455,W32
456,B949
457,A812
458,T930
459,B377
460,P241
461,Q410
462,Y478
463,R05
464,I632
465,D169
466,C411
467,F340
468,Q251
469,K298
470,T402
471,I422
472,R508
473,M532
474,V436
475,K566
476,M462
477,A310
478,C680
479,S699
480,Q606
481,D131
482,Y24
483,Q200
484,S254
485,D483
486,Q249
487,O441
488,W05
489,F061
490,V587
491,A099
492,J441
493,T461
494,K210
495,F106
496,F328
497,L111
498,A412
499,I515
500,T505
501,F119
502,I300
503,N308
504,D166
505,S026
506,K552
507,V926
508,M130
509,G621
510,X954
511,Q059
512,T12
513,V961
514,W08
515,N179
516,V635
517,I861
518,S170
519,B942
520,C921
521,D430
522,C701
523,E729
524,I069
525,A021
526,D329
527,T411
528,D572
529,G901
530,T441
531,E740
532,G588
533,W10
534,K296
535,D443
536,G712
537,Y428
538,I514
539,B572
540,T639
541,M751
542,T145
543,K769
544,C720
545,V683
546,M791
547,I426
548,D332
549,Q396
550,D369
551,E032
552,K7210
553,M430
554,T528
555,B449
556,E760
557,M068
558,C049
559,K729
560,N142
561,K052
562,T485
563,A400
564,K721
565,V194
566,T250
567,X01
568,F141
569,K429
570,C773
571,F179
572,M353
573,S364
574,T940
575,E778
576,D390
577,C689
578,V872
579,X05
580,N111
581,Y834
582,T798
583,Q795
584,E041
585,B390
586,N829
587,D462
588,P702
589,W84
590,C130
591,N151
592,I051
593,G934
594,D649
595,I611
596,D180
597,B588
598,I678
599,Q439
600,I671
601,C741
602,F010
603,P293
604,J1010
605,R770
606,K750
607,F79
608,T025
609,K112
610,Q793
611,S323
612,Q189
613,T314
614,C578
615,C929
616,N059
617,I098
618,P081
619,L100
620,C719
621,Y26
622,I779
623,F448
624,R58
625,M463
626,F104
627,R54
628,K047
629,G410
630,S910
631,T801
632,Q359
633,K860
634,S271
635,O881
636,F059
637,C210
638,I453
639,L905
640,J153
641,I6190
642,T203
643,D165
644,M351
645,P398
646,Q079
647,O992
648,C844
649,J986
650,R230
651,Q039
652,S061
653,S829
654,D414
655,J383
656,K900
657,C172
658,K759
659,E035
660,T571
661,I718
662,V199
663,G111
664,D735
665,M995
666,C33
667,N019
668,K625
669,N394
670,J398
671,T022
672,A490
673,Q892
674,P701
675,I454
676,T874
677,P043
678,X43
679,M533
680,H309
681,C714
682,V639
683,Y04
684,R609
685,V864
686,C850
687,X51
688,E117
689,Y408
690,V549
691,C492
692,S810
693,Y443
694,G474
695,T009
696,S117
697,C961
698,M609
699,V891
700,N998
701,K758
702,T406
703,J981
704,O235
705,C969
706,P916
707,A048
708,D598
709,B91
710,K255
711,Q602
712,X11
713,T703
714,F500
715,Q459
716,B451
717,V861
718,W78
719,R14
720,C754
721,M841
722,T313
723,L570
724,K140
725,X63
726,L270
727,K914
728,P251
729,B258
730,S218
731,D038
732,C927
733,O244
734,T423
735,D751
736,F988
737,T857
738,W30
739,F068
740,R413
741,P363
742,V913
743,C481
744,A858
745,I348
746,T915
747,S121
748,C173
749,Y545
750,B379
751,D330
752,Y880
753,N008
754,P011
755,S889
756,A081
757,M489
758,V865
759,Y22
760,N63
761,K740
762,S331
763,B679
764,K760
765,A327
766,A321
767,P219
768,I311
769,S071
770,K277
771,B007
772,P242
773,C37
774,B341
775,S322
776,V589
777,T603
778,M910
779,D594
780,J982
781,M624
782,S522
783,P220
784,B201
785,H348
786,S062
787,O751
788,R788
789,Y578
790,F108
791,F069
792,O121
793,G570
794,I677
795,K7200
796,S119
797,R090
798,M480
799,I742
800,T859
801,I629
802,S019
803,Q897
804,F78
805,V689
806,T875
807,I951
808,F39
809,L033
810,T504
811,Y357
812,J210
813,S009
814,D487
815,P028
816,Q049
817,V928
818,M809
819,I461
820,C475
821,D239
822,S818
823,V539
824,N009
825,T317
826,S366
827,L088
828,R456
829,J691
830,E639
831,I822
832,I6320
833,T460
834,R72
835,K709
836,J028
837,G92
838,K833
839,G575
840,Q02
841,N641
842,T483
843,Y13
844,S010
845,F681
846,Y820
847,I621
848,I494
849,E831
850,Q318
851,D484
852,S020
853,J410
854,T10
855,K861
856,I716
857,J380
858,V092
859,L732
860,B021
861,O623
862,D595
863,D447
864,K703
865,Q333
866,I5150
867,K222
868,N183
869,G231
870,N814
871,A493
872,T329
873,P026
874,K902
875,Q788
876,H810
877,P788
878,L021
879,P009
880,T596
881,E782
882,D531
883,V379
884,I308
885,V220
886,T920
887,E899
888,G900
889,G301
890,G009
891,D589
892,E345
893,T634
894,C221
895,Q874
896,M954
897,F419
898,I447
899,S424
900,K589
901,G510
902,S064
903,G441
904,C160
905,L139
906,J40
907,M401
908,E039
909,M545
910,G300
911,N136
912,K269
913,M843
914,T670
915,A492
916,K400
917,R638
918,K852
919,N170
920,K659
921,I441
922,E419
923,I110
924,K275
925,C220
926,I501
927,C495
928,A162
929,G713
930,V869
931,V109
932,A414
933,A390
934,I639
935,V636
936,S090
937,D110
938,K908
939,C694
940,T784
941,T414
942,D801
943,F72
944,V470
945,J860
946,K832
947,D869
948,J020
949,I959
950,X36
951,A431
952,Q928
953,E790
954,B344
955,G958
956,I080
957,K660
958,G406
959,O149
960,T049
961,I379
962,K265
963,M342
964,R768
965,B220
966,V179
967,I64
968,E161
969,I079
970,G061
971,J948
972,A770
973,Y452
974,D808
975,B378
976,Q822
977,T783
978,M481
979,T811
980,I821
981,C798
982,K599
983,M313
984,S799
985,T502
986,G372
987,Q205
988,V299
989,G610
990,R509
991,I849
992,D580
993,F070
994,I444
995,C859
996,E343
997,C311
998,N832
999,T503
1000,T111
1001,R740
1002,T094
1003,D352
1004,V695
1005,C050
1006,N281
1007,E038
1008,X57
1009,D170
1010,P229
1011,N719
1012,V959
1013,C009
1014,Q820
1015,K121
1016,T509
1017,G952
1018,K521
1019,Y833
1020,J960
1021,I738
1022,I620
1023,K719
1024,D749
1025,N055
1026,H701
1027,O984
1028,N172
1029,R730
1030,C810
1031,A480
1032,G450
1033,V909
1034,R102
1035,S109
1036,V860
1037,S327
1038,B004
1039,F982
1040,O639
1041,C751
1042,S821
1043,N508
1044,R96
1045,J188
1046,P522
1047,S365
1048,V870
1049,M192
1050,L109
1051,H355
1052,J628
1053,E852
1054,F70
1055,G729
1056,E210
1057,X79
1058,I848
1059,C917
1060,C341
1061,Q935
1062,I428
1063,N302
1064,E841
1065,C81
1066,X25
1067,J939
1068,K223
1069,J938
1070,B212
1071,I978
1072,M628
1073,J150
1074,A529
1075,V419
1076,J680
1077,C348
1078,D45
1079,S098
1080,J390
1081,D62
1082,A169
1083,P059
1084,P358
1085,C189
1086,M316
1087,M629
1088,I159
1089,A09
1090,C677
1091,T023
1092,J348
1093,M318
1094,J61
1095,C300
1096,M549
1097,M341
1098,I702
1099,V949
1100,C253
1101,O961
1102,C446
1103,C269
1104,X93
1105,I773
1106,I052
1107,T536
1108,V874
1109,M502
1110,C159
1111,I630
1112,V581
1113,S255
1114,T740
1115,B07
1116,C80
1117,M602
1118,E100
1119,R75
1120,R5800
1121,R21
1122,N180
1123,B589
1124,T420
1125,I119
1126,V878
1127,Y497
1128,G241
1129,A199
1130,B582
1131,Q220
1132,V876
1133,F209
1134,R451
1135,S273
1136,C229
1137,W51
1138,J36
1139,X83
1140,N938
1141,D731
1142,D868
1143,S999
1144,G978
1145,B459
1146,V041
1147,T543
1148,O998
1149,C211
1150,J82
1151,X000
1152,L929
1153,M350
1154,E723
1155,T905
1156,R260
1157,D300
1158,T512
1159,I610
1160,X53
1161,E611
1162,S270
1163,V850
1164,J370
1165,F430
1166,G808
1167,V279
1168,A413
1169,I864
1170,M608
1171,C539
1172,I139
1173,C509
1174,Q791
1175,T059
1176,E237
1177,B382
1178,Q234
1179,P072
1180,V235
1181,C443
1182,V571
1183,D464
1184,E145
1185,I200
1186,E139
1187,D66
1188,E208
1189,M620
1190,L023
1191,J118
1192,Q818
1193,S274
1194,T447
1195,N879
1196,P006
1197,Q446
1198,Q750
1199,L280
1200,K256
1201,W27
1202,D371
1203,N289
1204,G724
1205,G309
1206,T439
1207,R99
1208,C837
1209,S000
1210,G121
1211,C482
1212,Q281
1213,T750
1214,T819
1215,C414
1216,M890
1217,R490
1218,F900
1219,C601
1220,J123
1221,C4490
1222,Q282
1223,O903
1224,A165
1225,B89
1226,G311
1227,C835
1228,L899
1229,I631
1230,I831
1231,E881
1232,K350
1233,I5000
1234,N939
1235,V786
1236,S097
1237,V570
1238,I615
1239,D680
1240,L512
1241,V685
1242,C051
1243,A399
1244,M814
1245,N760
1246,G310
1247,V455
1248,P039
1249,G3500
1250,T749
1251,K922
1252,T273
1253,K635
1254,Q248
1255,T812
1256,I979
1257,T913
1258,T202
1259,T600
1260,S310
1261,C774
1262,D685
1263,K633
1264,N119
1265,C149
1266,T570
1267,S761
1268,Q043
1269,F09
1270,J157
1271,J399
1272,A090
1273,V545
1274,X12
1275,Q218
1276,C390
1277,T316
1278,K823
1279,C781
1280,H431
1281,C104
1282,I638
1283,C813
1284,J14
1285,E561
1286,J80
1287,C740
1288,V962
1289,I452
1290,V536
1291,K611
1292,Y830
1293,C829
1294,G373
1295,C930
1296,D444
1297,E236
1298,N182
1299,I612
1300,W19
1301,D519
1302,D126
1303,P291
1304,V491
1305,B332
1306,C155
1307,M469
1308,H109
1309,D839
1310,K311
1311,D539
1312,K561
1313,V285
1314,T699
1315,C819
1316,Q969
1317,Y30
1318,I6940
1319,V525
1320,R64
1321,K264
1322,T782
1323,C240
1324,R579
1325,M626
1326,T933
1327,R961
1328,J180
1329,T537
1330,M728
1331,C180
1332,K285
1333,K294
1334,K518
1335,N898
1336,I409
1337,P159
1338,M419
1339,A491
1340,I010
1341,G1220
1342,D059
1343,W15
1344,I278
1345,D65
1346,D461
1347,E148
1348,F169
1349,E802
1350,O159
1351,G238
1352,G931
1353,D529
1354,L890
1355,P968
1356,D694
1357,J041
1358,N360
1359,B699
1360,C55
1361,B009
1362,R945
1363,O994
1364,D434
1365,T213
1366,V694
1367,F151
1368,T58
1369,S899
1370,E215
1371,F113
1372,R5800K13K228
1373,M436
1374,J955
1375,C778
1376,K068
1377,P550
1378,V040
1379,R278
1380,Q030
1381,V735
1382,J110
1383,D571
1384,S360
1385,K263
1386,T143
1387,E840
1388,I429
1389,I442
1390,G563
1391,T110
1392,S411
1393,T827
1394,Y575
1395,G960
1396,Q859
1397,B199
1398,S376
1399,S011
1400,I201
1401,R960
1402,N498
1403,V594
1404,J151
1405,E340
1406,S429
1407,M483
1408,R91
1409,Y841
1410,Y28
1411,T144
1412,M625
1413,Q614
1414,P969
1415,X06
1416,G219
1417,C880
1418,K863
1419,C951
1420,K805
1421,E519
1422,E569
1423,R061
1424,C786
1425,G318
1426,D27
1427,C030
1428,G319
1429,Q338
1430,Q201
1431,C759
1432,L022
1433,A391
1434,V139
1435,C768
1436,X16
1437,N61
1438,P292
1439,O758
1440,O710
1441,S528
1442,D401
1443,E242
1444,V496
1445,C679
1446,Q851
1447,D381
1448,N052
1449,A698
1450,T432
1451,K701
1452,C729
1453,P112
1454,Q939
1455,E115
1456,P504
1457,C911
1458,Y499
1459,C782
1460,B376
1461,T808
1462,R02
1463,C432
1464,V174
1465,O979
1466,K629
1467,O95
1468,K669
1469,J941
1470,I745
1471,N139
1472,Y32
1473,J154
1474,K266
1475,D693
1476,E106
1477,M622
1478,M100
1479,Y19
1480,T523
1481,A64
1482,E833
1483,E46
1484,E140
1485,H531
1486,C838
1487,S229
1488,R195
1489,T449
1490,I131
1491,V196
1492,I260
1493,P90
1494,D134
1495,K029
1496,T938
1497,X89
1498,C712
1499,Q436
1500,T983
1501,F429
1502,I48
1503,V244
1504,C499
1505,Q213
1506,B208
1507,Q643
1508,T243
1509,E211
1510,T826
1511,K831
1512,T200
1513,R908
1514,A829
1515,G904
1516,Q925
1517,Q321
1518,H664
1519,N200
1520,D449
1521,V646
1522,P949
1523,C784
1524,B169
1525,L030
1526,O142
1527,T824
1528,K720
1529,E149
1530,C796
1531,A069
1532,L814
1533,Y466
1534,G951
1535,I424
1536,Q748
1537,V489
1538,J100
1539,E349
1540,N882
1541,T730
1542,A020
1543,W74
1544,R263
1545,N429
1546,M942
1547,A599
1548,R008
1549,R680
1550,F319
1551,I250
1552,T130
1553,C380
1554,K6310
1555,T932
1556,K621
1557,Q870
1558,M719
1559,T490
1560,M509
1561,S060
1562,I770
1563,B343
1564,J439
1565,T430
1566,F919
1567,K402
1568,D380
1569,V593
1570,M052
1571,Q759
1572,K501
1573,J448
1574,P588
1575,A548
1576,S223
1577,Q243
1578,Q780
1579,V830
1580,N40
1581,J159
1582,I841
1583,D429
1584,T931
1585,G587
1586,K253
1587,P021
1588,K610
1589,E849
1590,S089
1591,F29
1592,G821
1593,V972
1594,Q349
1595,P704
1596,C383
1597,C783
1598,H059
1599,P375
1600,A244
1601,C531
1602,T876
1603,P003
1604,K224
1605,L530
1606,I258
1607,F54
1608,C060
1609,V130
1610,I712
1611,I491
1612,K571
1613,Q369
1614,T311
1615,D690
1616,C775
1617,Q774
1618,I061
1619,T300
1620,R634
1621,Q676
1622,N421
1623,A178
1624,J129
1625,Q219
1626,R238
1627,P209
1628,C140
1629,B227
1630,N051
1631,D738
1632,N393
1633,I6930
1634,J432
1635,A851
1636,B448
1637,S353
1638,I714
1639,Q612
1640,N323
1641,P525
1642,J050
1643,K108
1644,M332
1645,E249
1646,K565
1647,G003
1648,D477
1649,V472
1650,Q871
1651,R040
1652,S250
1653,R520
1654,G374
1655,G453
1656,Q263
1657,J988
1658,T741
1659,C080
1660,Q379
1661,D150
1662,H542
1663,K419
1664,F111
1665,I729
1666,S759
1667,O790
1668,V843
1669,R160
1670,T403
1671,L439
1672,Q019
1673,M201
1674,W64
1675,M245
1676,P232
1677,I879
1678,D480
1679,P271
1680,N209
1681,D684
1682,Q244
1683,V209
1684,L120
1685,V575
1686,Q233
1687,M352
1688,S079
1689,D136
1690,I775
1691,E273
1692,Q803
1693,I715
1694,T463
1695,P960
1696,E079
1697,L032
1698,Y350
1699,T318
1700,Y453
1701,K257
1702,A483
1703,V184
1704,D803
1705,E109
1706,N889
1707,V925
1708,F067
1709,Q828
1710,M519
1711,B690
1712,K414
1713,V294
1714,C12
1715,K818
1716,C817
1717,R760
1718,T451
1719,I744
1720,F73
1721,S430
1722,Q777
1723,A89
1724,I359
1725,E873
1726,C493
1727,T620
1728,Y462
1729,I872
1730,I808
1731,Q412
1732,I771
1733,Q790
1734,K221
1735,J13
1736,T540
1737,G402
1738,V289
1739,A379
1740,E538
1741,D219
1742,S278
1743,D593
1744,I780
1745,N134
1746,K739
1747,V093
1748,S350
1749,H549
1750,F840
1751,T393
1752,F71
1753,G249
1754,V799
1755,Q445
1756,Q539
1757,D039
1758,C940
1759,V809
1760,T131
1761,Q221
1762,J449
1763,O882
1764,K450
1765,L949
1766,J677
1767,F842
1768,C301
1769,L511
1770,Y14
1771,Y34
1772,A072
1773,D510
1774,G908
1775,I607
1776,F845
1777,P369
1778,Q984
1779,T119
1780,J128
1781,Q860
1782,F99
1783,I458
1784,Q231
1785,V866
1786,M702
1787,K273
1788,P362
1789,N509
1790,R42
1791,O908
1792,T513
1793,N411
1794,V855
1795,W66
1796,S059
1797,Q873
1798,E54
1799,P278
1800,B399
1801,V576
1802,C479
1803,E762
1804,R398
1805,Q764
1806,Y482
1807,Y078
1808,G040
1809,R161
1810,E232
1811,V435
1812,K359
1813,R258
1814,C437
1815,I693
1816,T270
1817,J670
1818,T934
1819,M314
1820,C000
1821,S618
1822,V296
1823,R97
1824,G09
1825,T844
1826,J324
1827,P031
1828,C349
1829,B206
1830,F199
1831,T754
1832,C052
1833,V059
1834,T918
1835,O469
1836,O249
1837,I99
1838,J392
1839,V485
1840,V495
1841,D509
1842,I518
1843,R701
1844,J042
1845,I129
1846,A084
1847,F508
1848,K318
1849,I6400
1850,I352
1851,K254
1852,E859
1853,S325
1854,K088
1855,C450
1856,W33
1857,K220
1858,C059
1859,K260
1860,D809
1861,V430
1862,S929
1863,Y03
1864,C56
1865,A411
1866,L405
1867,P543
1868,R190
1869,T675
1870,K274
1871,V686
1872,F191
1873,T733
1874,P964
1875,I635
1876,S212
1877,C409
1878,V499
1879,A398
1880,C764
1881,K603
1882,V580
1883,R578
1884,I340
1885,B349
1886,G122
1887,N319
1888,B387
1889,V471
1890,G210
1891,T702
1892,O411
1893,G239
1894,K732
1895,O723
1896,R062
1897,S224
1898,P781
1899,B333
1900,D375
1901,O350
1902,N888
1903,Q699
1904,I690
1905,S628
1906,C403
1907,E069
1908,Q315
1909,D374
1910,I749
1911,Y11
1912,Q255
1913,F411
1914,K761
1915,S550
1916,T398
1917,G041
1918,M948
1919,C218
1920,E034
1921,D481
1922,E269
1923,Q992
1924,J304
1925,C857
1926,P142
1927,V415
1928,I349
1929,M340
1930,I679
1931,I512
1932,T301
1933,P780
1934,J158
1935,X46
1936,M478
1937,W94
1938,R100
1939,Q619
1940,F101
1941,R402
1942,Q180
1943,X73
1944,D733
1945,D489
1946,O364
1947,K567
1948,Q000
1949,P024
1950,T821
1951,D439
1952,K5500
1953,N329
1954,D177
1955,G589
1956,T369
1957,H911
1958,P025
1959,Y580
1960,K37
1961,Q861
1962,G259
1963,H498
1964,Q392
1965,Q430
1966,S241
1967,T175
1968,W28
1969,T462
1970,H939
1971,C441
1972,Y079
1973,K766
1974,H350
1975,J989
1976,D67
1977,S120
1978,C410
1979,A811
1980,X74
1981,Y01
1982,D760
1983,W54
1984,M621
1985,D486
1986,S063
1987,T751
1988,Q613
1989,P002
1990,R221
1991,C439
1992,S410
1993,D376
1994,V049
1995,I378
1996,V275
1997,G969
1998,C65
1999,T850
2000,M539
2001,H353
2002,M219
2003,S352
2004,V449
2005,T378
2006,C321
2007,L984
2008,V274
2009,J120
2010,A523
2011,N920
2012,I313
2013,X59
2014,T511
2015,C452
2016,A039
2017,V679
2018,N159
2019,A280
2020,C902
2021,C040
2022,I710
2023,C749
2024,R943
2025,Q046
2026,S358
2027,V112
2028,M259
2029,J301
2030,D891
2031,P615
2032,M000
2033,T058
2034,N368
2035,I470
2036,W13
2037,X03
2038,J051
2039,T312
2040,T909
2041,R410
2042,S007
2043,N304
2044,W93
2045,G728
2046,V892
2047,L88
2048,P942
2049,T013
2050,A418
2051,Y831
2052,F121
2053,P392
2054,S033
2055,E042
2056,L038
2057,I209
2058,H354
2059,S225
2060,G839
2061,C402
2062,I240
2063,T487
2064,E724
2065,T410
2066,I495
2067,C251
2068,J9840N15N039
2069,T095
2070,I241
2071,Y490
2072,M968
2073,S297
2074,M898
2075,N300
2076,I829
2077,M321
2078,O721
2079,J09
2080,G518
2081,I781
2082,B409
2083,A410
2084,S361
2085,E870
2086,T413
2087,G903
2088,A419
2089,D648
2090,P250
2091,O901
2092,Q202
2093,I479
2094,R091
2095,T458
2096,Q623
2097,T679
2098,R15
2099,G709
2100,I850
2101,E220
2102,V406
2103,T114
2104,X37
2105,I070
2106,A1690
2107,D391
2108,D143
2109,X41
2110,S428
2111,Y23
2112,X66
2113,Q264
2114,F239
2115,R33
2116,C710
2117,N412
2118,Q898
2119,J853
2120,S151
2121,Q444
2122,N990
2123,Q556
2124,J208
2125,Y531
2126,R80
2127,S619
2128,M819
2129,I493
2130,M244
2131,M485
2132,X09
2133,B407
2134,Y10
2135,I618
2136,Q959
2137,G912
2138,B440
2139,R041
2140,I099
2141,T392
2142,T476
2143,K911
2144,J850
2145,Q753
2146,N839
2147,Y433
2148,K229
2149,F139
2150,C765
2151,I301
2152,G048
2153,Y871
2154,T941
2155,M793
2156,K869
2157,G959
2158,K20
2159,N133
2160,X65
2161,F502
2162,N028
2163,F159
2164,T828
2165,R458
2166,P528
2167,Q210
2168,N320
2169,X23
2170,C919
2171,B179
2172,K551
2173,I776
2174,I871
2175,C923
2176,B338
2177,C577
2178,R600
2179,T181
2180,G542
2181,T868
2182,W80
2183,M844
2184,Q998
2185,C319
2186,O16
2187,F509
2188,Q766
2189,D70
2190,K291
2191,G831
2192,P509
2193,K743
2194,T829
2195,D508
2196,V931
2197,C750
2198,P548
2199,H521
2200,T425
2201,D848
2202,K658
2203,E660
2204,C913
2205,M358
2206,T041
2207,R390
2208,T869
2209,A692
2210,X80
2211,C224
2212,P760
2213,E713
2214,D720
2215,S599
2216,D090
2217,S051
2218,G909
2219,V245
2220,X85
2221,E112
2222,M797
2223,T212
2224,T748
2225,F100
2226,S199
2227,K259
2228,E898
2229,D377
2230,D473
2231,G379
2232,K102
2233,I289
2234,T116
2235,Y850
2236,R208
2237,G710
2238,G560
2239,E711
2240,Q754
2241,B238
2242,D351
2243,Q253
2244,V090
2245,V031
2246,N739
2247,P361
2248,T434
2249,T428
2250,N948
2251,C579
2252,Y630
2253,O363
2254,J985
2255,V149
2256,I019
2257,N309
2258,T090
2259,G114
2260,G479
2261,S328
2262,T845
2263,P718
2264,I4200
2265,M659
2266,S368
2267,T093
2268,W73
2269,F192
2270,C469
2271,X76
2272,W03
2273,N949
2274,R229
2275,K228
2276,C222
2277,B389
2278,Q211
2279,Q632
2280,F341
2281,E282
2282,D763
2283,V540
2284,C840
2285,T813
2286,E858
2287,T065
2288,C962
2289,I089
2290,M790
2291,I498
2292,I060
2293,I058
2294,I890
2295,Y471
2296,A049
2297,S409
2298,S499
2299,S422
2300,K292
2301,N135
2302,M961
2303,C322
2304,S531
2305,R591
2306,F140
2307,F431
2308,E274
2309,N312
2310,K123
2311,Q615
2312,C20
2313,K570
2314,D361
2315,B340
2316,E615
2317,F079
2318,K149
2319,C029
2320,Q332
2321,C793
2322,W18
2323,P038
2324,E271
2325,R048
2326,K919
2327,T319
2328,T220
2329,H709
2330,C700
2331,K592
2332,J969
2333,K358
2334,G409
2335,K460
2336,K668
2337,J320
2338,C436
2339,O759
2340,R253
2341,Q765
2342,S851
2343,F600
2344,V583
2345,N709
2346,E147
2347,E142
2348,J040
2349,W49
2350,T981
2351,Q403
2352,P001
2353,Y420
2354,C186
2355,L401
2356,I221
2357,K819
2358,Q224
2359,I519
2360,K822
2361,M779
2362,V795
2363,D758
2364,C227
2365,I722
2366,A86
2367,K289
2368,I698
2369,F605
2370,C447
2371,D410
2372,O049
2373,V486
2374,L709
2375,I81
2376,T911
2377,I711
2378,S320
2379,J81
2380,O268
2381,C329
2382,X02
2383,Y432
2384,I674
2385,I724
2386,T415
2387,L26
2388,A38
2389,O622
2390,V649
2391,O223
2392,S351
2393,P579
2394,T210
2395,S529
2396,C100
2397,N184
2398,N731
2399,Q112
2400,C570
2401,K051
2402,J8410
2403,T71
2404,G14
2405,D321
2406,Q239
2407,J385
2408,K559
2409,Q890
2410,G250
2411,W70
2412,C709
2413,J386
2414,I459
2415,S091
2416,G031
2417,P929
2418,E86
2419,Q601
2420,I408
2421,C400
2422,S362
2423,J450
2424,J1110
2425,F82
2426,S150
2427,L605
2428,D259
2429,S099
2430,M464
2431,F189
2432,Q245
2433,F89
2434,Y068
2435,T797
2436,K381
2437,T426
2438,C445
2439,S280
2440,D331
2441,K509
2442,Q824
2443,J029
2444,T848
2445,Y839
2446,C713
2447,T508
2448,R900
2449,Y08
2450,W23
2451,Y541
2452,D500
2453,O990
2454,J22
2455,D860
2456,I6390
2457,T818
2458,K119
2459,Q388
2460,S208
2461,J959
2462,J310
2463,R220
2464,E059
2465,W22
2466,C841
2467,C794
2468,Q929
2469,D448
2470,J980
2471,J840
2472,T357
2473,K859
2474,X60
2475,A810
2476,E744
2477,C629
2478,M051
2479,R522
2480,M009
2481,A071
2482,O083
2483,V493
2484,I6090
2485,G809
2486,A047
2487,N649
2488,K768
2489,T908
2490,R252
2491,I369
2492,F489
2493,K519
2494,D609
2495,K730
2496,K089
2497,D022
2498,I00
2499,G938
2500,K403
2501,M792
2502,E720
2503,F103
2504,R480
2505,C519
2506,E786
2507,G968
2508,I709
2509,I081
2510,T780
2511,P041
2512,C639
2513,W25
2514,A498
2515,I708
2516,Y355
2517,W92
2518,P210
2519,F142
2520,G214
2521,R560
2522,T303
2523,R771
2524,R739
2525,I451
2526,E763
2527,E143
2528,K830
2529,R222
2530,M899
2531,C250
2532,O088
2533,H409
2534,A923
2535,K716
2536,Q911
2537,N26
2538,P280
2539,S017
2540,Y409
2541,C07
2542,F410
2543,Q257
2544,K763
2545,W85
2546,T886
2547,C32
2548,M941
2549,C901
2550,D695
2551,C412
2552,I774
2553,T223
2554,S122
2555,N359
2556,C223
2557,K409
2558,S272
2559,N189
2560,O300
2561,P77
2562,K838
2563,E259
2564,C434
2565,G834
2566,D820
2567,I828
2568,N19
2569,T796
2570,X58
2571,B370
2572,K909
2573,Q419
2574,K920
2575,V476
2576,K802
2577,N501
2578,N419
2579,T091
2580,Q933
2581,S054
2582,E725
2583,S131
2584,G838
2585,S363
2586,J64
2587,T887
2588,Q434
2589,L031
2590,I801
2591,P769
2592,C512
2593,C039
2594,S399
2595,P035
2596,Q649
2597,H700
2598,S459
2599,S030
2600,J679
2601,P529
2602,T864
2603,G230
2604,N858
2605,D752
2606,A288
2607,K632
2608,C342
2609,Q442
2610,I251
2611,S318
2612,K765
2613,C790
2614,V849
2615,X39
2616,I743
2617,G824
2618,E279
2619,J387
2620,T450
2621,R5800K13K922
2622,M255
2623,H018
2624,I499
2625,C711
2626,G600
2627,Y881
2628,T790
2629,X33
2630,K310
2631,G830
2632,T042
2633,V224
2634,K661
2635,Q678
2636,D482
2637,M798
2638,I253
2639,I673
2640,T630
2641,I694
2642,I456
2643,C252
2644,A809
2645,D689
2646,T230
2647,V699
2648,T839
2649,T029
2650,J942
2651,A409
2652,Q913
2653,S217
2654,I614
2655,R571
2656,E878
2657,Y411
2658,J181
2659,Q391
2660,V599
2661,F171
2662,D432
2663,K828
2664,D151
2665,S850
2666,T838
2667,N210
2668,K251
2669,D036
2670,V205
2671,T092
2672,Q254
2673,G618
2674,P351
2675,D485
2676,H540
2677,D570
2678,Y445
2679,L024
2680,V590
2681,P359
2682,M242
2683,J322
2684,R633
2685,K225
2686,Q819
2687,M179
2688,R270
2689,T401
2690,K458
2691,K627
2692,D073
2693,D748
2694,C64
2695,I38
2696,I440
2697,T758
2698,F449
2699,L409
2700,C471
2701,C676
2702,T846
2703,N185
2704,B59
2705,H356
2706,E310
2707,V104
2708,X48
2709,A403
2710,Q782
2711,G939
2712,I219
2713,K573
2714,T465
2715,M839
2716,Q433
2717,C920
2718,M356
2719,L509
2720,C111
2721,Q320
2722,N029
2723,F181
2724,Q960
2725,L020
2726,L239
2727,S721
2728,I427
2729,D762
2730,J930
2731,B205
2732,H532
2733,V280
2734,Y17
2735,X08
2736,R17
2737,B374
2738,O60
2739,V890
2740,M139
2741,R13
2742,Q642
2743,L121
2744,S711
2745,C431
2746,B402
2747,G811
2748,K630
2749,W04
2750,J849
2751,C181
2752,C169
2753,O960
2754,V492
2755,P290
2756,M138
2757,C943
2758,K650
2759,C261
2760,X78
2761,Q868
2762,Q042
2763,S179
2764,C171
2765,G403
2766,J931
2767,A439
2768,S268
2769,T469
2770,T448
2771,M069
2772,I249
2773,Q212
2774,T179
2775,M729
2776,I255
2777,G042
2778,P350
2779,G470
2780,C384
2781,C772
2782,I958
2783,E209
2784,M512
2785,D591
2786,R092
2787,S824
2788,T412
2789,N410
2790,V596
2791,K745
2792,M799
2793,N280
2794,V284
2795,N301
2796,T823
2797,K572
2798,T597
2799,T302
2800,J160
2801,K579
2802,S251
2803,S832
2804,K440
2805,M488
2806,K928
2807,D120
2808,A029
2809,C924
2810,D573
2811,N820
2812,V180
2813,P027
2814,K250
2815,I670
2816,E872
2817,V182
2818,K851
2819,F432
2820,C959
2821,I730
2822,B461
2823,K430
2824,C260
2825,P042
2826,Q894
2827,G08
2828,T912
2829,V598
2830,Y835
2831,A872
2832,J00
2833,E877
2834,F323
2835,G936
2836,Y818
2837,C399
2838,C467
2839,R630
2840,M348
2841,D71
2842,T383
2843,K700
2844,B210
2845,C675
2846,G801
2847,L309
2848,T830
2849,G720
2850,C449
2851,M866
2852,E754
2853,H402
2854,C811
2855,S253
2856,G541
2857,K295
2858,T189
2859,N322
2860,G368
2861,I516
2862,P289
2863,X68
2864,D392
2865,D759
2866,K821
2867,C259
2868,M104
2869,I820
2870,J329
2871,P239
2872,I803
2873,E031
2874,Y548
2875,O100
2876,M329
2877,I4290
2878,S723
2879,V887
2880,P020
2881,Y427
2882,S129
2883,M050
2884,E748
2885,S828
2886,V535
2887,E440
2888,C320
2889,Q893
2890,S869
2891,I691
2892,X49
2893,C091
2894,T141
2895,C787
2896,L108
2897,K413
2898,T861
2899,V951
2900,K578
2901,S252
2902,G961
2903,C119
2904,V445
2905,D561
2906,Q858
2907,W16
2908,Q938
2909,V494
2910,D892
2911,F309
2912,D409
2913,G35
2914,N12
2915,M125
2916,B457
2917,J155
2918,A481
2919,T365
2920,V873
2921,W17
2922,D379
2923,L985
2924,K7290
2925,Y33
2926,D739
2927,J039
2928,D385
2929,A530
2930,C845
2931,X31
2932,C692
2933,F205
2934,G543
2935,D821
2936,T404
2937,T043
2938,E848
2939,Q438
2940,V473
2941,J1110J12J189
2942,N328
2943,Q611
2944,D699
2945,K290
2946,B354
2947,D441
2948,V409
2949,W00
2950,E751
2951,G603
2952,B182
2953,V586
2954,I672
2955,T172
2956,C753
2957,N828
2958,E785
2959,J019
2960,H160
2961,V234
2962,F459
2963,K811
2964,M818
2965,I859
2966,K746
2967,A429
2968,K529
2969,R488
2970,F302
2971,F03
2972,I619
2973,K219
2974,P298
2975,F819
2976,M300
2977,K800
2978,F109
2979,T914
2980,H357
2981,Q031
2982,L893
2983,Q339
2984,E065
2985,S277
2986,A488
2987,X88
2988,G001
2989,N899
2990,G10
2991,N951
2992,J848
2993,E780
2994,S220
2995,Y16
2996,J949
2997,I6070
2998,V919
2999,T980
3000,P240
3001,V629
3002,L850
3003,T481
3004,I4210
3005,V446
3006,K297
3007,D017
3008,I725
3009,Y434
3010,B941
3011,O150
3012,S510
3013,T134
3014,J152
3015,A170
3016,F131
3017,F112
3018,H332
3019,W29
3020,P285
3021,K904
3022,F453
3023,N137
3024,I421
3025,K921
3026,K528
3027,Q872
3028,T855
3029,Q230
3030,I772
3031,S024
3032,Y840
3033,M328
3034,O996
3035,R262
3036,B356
3037,C442
3038,T860
3039,I723
3040,H052
3041,T888
3042,D400
3043,S520
3044,G419
3045,V840
3046,K801
3047,Q909
3048,V692
3049,S397
3050,G252
3051,Q450
3052,C249
3053,C480
3054,Y12
3055,K626
3056,V460
3057,S231
3058,E0390
3059,P364
3060,G308
3061,N390
3062,H269
3063,W76
3064,E742
3065,J60
3066,R636
3067,C435
3068,B509
3069,B250
3070,T520
3071,X04
3072,K226
3073,C915
3074,V249
3075,I6080
3076,G312
3077,M431
3078,V264
3079,C401
3080,N768
3081,T862
3082,Y522
3083,X42
3084,B222
3085,V483
3086,X70
3087,H547
3088,D142
3089,A045
3090,A819
3091,F019
3092,R098
3093,P294
3094,D049
3095,B600
3096,M402
3097,P010
3098,E260
3099,C139
3100,F55
3101,R042
3102,V204
3103,G439
3104,W77
3105,Q631
3106,E876
3107,Q069
3108,T471
3109,G935
3110,I891
3111,Q848
3112,S911
3113,Y20
3114,Y21
3115,I4220
3116,D898
3117,S998
3118,K550
3119,X71
3120,W56
3121,C914
3122,Q250
3123,S279
3124,L029
3125,Y454
3126,Y069
3127,N340
3128,R011
3129,V903
3130,T021
3131,F152
3132,N811
3133,N762
3134,F107
3135,N039
3136,C718
3137,C549
3138,G039
3139,G378
3140,I091
3141,M513
3142,S709
3143,Q850
3144,T781
3145,H830
3146,S222
3147,C767
3148,V010
3149,Y600
3150,T921
3151,K711
3152,Y69
3153,G407
3154,C723
3155,E750
3156,R233
3157,V899
3158,F609
3159,O991
3160,I6330
3161,V585
3162,T427
3163,S301
3164,R063
3165,I26
3166,J156
3167,R198
3168,R418
3169,G913
3170,R064
3171,E144
3172,R55
3173,J929
3174,D890
3175,T390
3176,C609
3177,K704
3178,L988
3179,E15
3180,I971
3181,P371
3182,T814
3183,T840
3184,T825
3185,V134
3186,M796
3187,T368
3188,B178
3189,I471
3190,T466
3191,E835
3192,W55
3193,I809
3194,I090
3195,I517
3196,Y605
3197,N428
3198,R628
3199,K913
3200,K412
3201,D696
3202,X91
3203,P523
3204,B465
3205,T518
3206,Q600
3207,W81
3208,L989
3209,P833
3210,Q283
3211,G609
3212,S517
3213,Y838
3214,M861
3215,C795
3216,K512
3217,S420
3218,S678
3219,R69
3220,D582
3221,T444
3222,O25
3223,V875
3224,I6060
3225,J701
3226,K317
3227,I970
3228,P228
3229,S068
3230,P279
3231,V030
3232,H919
3233,B203
3234,P261
3235,R066
3236,Y424
3237,D643
3238,K109
3239,D682
3240,E761
3241,X19
3242,S750
3243,D841
3244,H441
3245,V051
3246,D761
3247,J90
3248,C716
3249,I700
3250,Y483
3251,L039
3252,M600
3253,E661
3254,E283
3255,D619
3256,Q878
3257,K628
3258,C164
3259,A539
3260,N823
3261,T405
3262,I280
3263,T371
3264,T901
3265,L298
3266,Y602
3267,Y418
3268,L028
3269,M889
3270,E730
3271,B159
3272,L930
3273,X590
3274,K30
3275,N857
3276,R471
3277,B441
3278,B029
3279,T492
3280,C187
3281,W67
3282,R51
3283,T810
3284,T421
3285,M112
3286,S930
3287,K820
3288,N859
3289,E063
3290,Y579
3291,Y450
3292,S202
3293,I609
3294,F329
3295,R590
3296,L891
3297,I788
3298,K85
3299,I050
3300,Y451
3301,N824
3302,J851
3303,E830
3304,L281
3305,M053
3306,I401
3307,Y431
3308,Q226
3309,C770
3310,M548
3311,Q714
3312,D728
3313,Y492
3314,M109
3315,G819
3316,S418
3317,Q743
3318,A394
3319,S820
3320,R251
3321,I469
3322,A180
3323,T173
3324,R632
3325,I830
3326,C494
3327,P034
3328,S421
3329,F203
3330,T140
3331,P819
3332,X20
3333,B270
3334,S101
3335,T659
3336,J121
3337,P008
3338,Y430
3339,M310
3340,N258
3341,H530
3342,E512
3343,M479
3344,R002
3345,L089
3346,N058
3347,P080
3348,I509
3349,S913
3350,R12
3351,V655
3352,M623
3353,J940
3354,S021
3355,I472
3356,P368
3357,A879
3358,D472
3359,O96
3360,S028
3361,N321
3362,E250
3363,Y546
3364,R570
3365,I720
3366,J189
3367,Q273
3368,Y442
3369,A402
3370,M349
3371,S722
3372,K901
3373,P249
3374,S066
3375,G360
3376,V800
3377,M159
3378,G628
3379,K564
3380,Y484
3381,B020
3382,R073
3383,T060
3384,G810
3385,I511
3386,N492
3387,H913
3388,B450
3389,N481
3390,Q330
3391,P910
3392,E662
3393,Y86
3394,V780
3395,Q549
3396,T146
3397,E883
3398,I719
3399,W40
3400,D010
3401,V584
3402,T178
3403,T474
3404,X69
3405,S299
3406,F412
3407,T849
3408,H050
3409,I248
3410,J9840
3411,W20
3412,P044
3413,L400
3414,C491
3415,C632
3416,R443
3417,S457
3418,V595
3419,E230
3420,F172
3421,V465
3422,X95
3423,K522
3424,J1110J22J189
3425,Y09
3426,C433
3427,D899
3428,T08
3429,E050
3430,T68
3431,P073
3432,O993
3433,P252
3434,C785
3435,N181
3436,P071
3437,V144
3438,G918
3439,Y848
3440,I500
3441,I443
3442,J852
3443,G002
3444,K315
3445,W01
3446,J411
3447,V480
3448,E105
3449,P546
3450,T519
3451,I634
3452,Y836
3453,B181
3454,P015
3455,R34
3456,F439
3457,M868
3458,X64
3459,G473
3460,B189
3461,J700
3462,D479
3463,R98
3464,V785
3465,N138
3466,T304
3467,C942
3468,J182
3469,M726
3470,T271
3471,C950
3472,Y455
3473,E162
3474,P809
3475,X599
3476,A90
3477,Y604
3478,C73
3479,F252
3480,W69
3481,F193
3482,I899
3483,C241
3484,T794
3485,X61
3486,R298
3487,S018
3488,I132
3489,Q385
3490,J920
3491,N342
3492,G119
3493,E055
3494,Q771
3495,P036
3496,Y883
3497,G622
3498,F011
3499,H71
3500,N288
3501,P258
3502,D445
3503,S423
3504,M895
3505,I748
3506,S398
3507,D397
3508,D383
3509,M531
3510,G833
3511,P018
3512,S354
3513,R400
3514,K754
3515,C693
3516,C797
3517,V482
3518,E752
3519,O009
3520,X84
3521,J219
3522,W86
3523,Y470
3524,P501
3525,I279
3526,T384
3527,I741
3528,S308
3529,T147
3530,F332
3531,P60
3532,G248
3533,R11
3534,R468
3535,I288
3536,C170
3537,Q040
3538,K639
3539,I613
3540,T847
3541,C851
3542,C19
3543,S355
3544,R068
3545,Q214
3546,V579
3547,J660
3548,S197
3549,X44
3550,Q647
3551,E801
3552,R32
3553,F251
3554,X67
3555,X40
3556,E669
3557,F322
3558,J8490
3559,T858
3560,S369
3561,T549
3562,A509
3563,D334
3564,Q899
3565,S317
3566,Q268
3567,O459
3568,I371
3569,E889
3570,V292
3571,K113
3572,I701
3573,H669
3574,X62
3575,S311
3576,R529
3577,I312
3578,H905
3579,I692
3580,M1990
3581,G258
3582,I823
3583,Q400
3584,C52
3585,S720
3586,K868
3587,A719
3588,Q336
3589,T139
3590,Q796
3591,K562
3592,V239
3593,C310
3594,M878
3595,V295
3596,P526
3597,G060
3598,B279
3599,P524
3600,G062
3601,W02
3602,K563
3603,W31
3604,C715
3605,R749
3606,E888
3607,V829
3608,I2190
3609,L129
3610,S309
3611,C967
3612,S219
3613,G919
3614,R95
3615,D610
3616,G030
3617,L209
3618,M080
3619,G232
3620,K560
3621,P230
3622,E348
3623,G253
3624,A778
3625,I842
3626,R231
3627,S822
3628,V272
3629,K593
3630,I608
3631,I059
3632,X10
3633,S710
3634,G932
3635,R35
3636,H609
3637,V745
3638,M541
3639,V546
3640,R001
3641,Q246
3642,O97
3643,J950
3644,V582
3645,Q044
3646,V475
3647,I513
3648,S819
3649,I832
3650,J869
3651,T012
3652,R688
3653,A521
3654,P921
3655,B812
3656,C699
3657,V479
3658,M311
3659,W12
3660,Y849
3661,T738
3662,X52
3663,T099
3664,E222
3665,E078
3666,I270
3667,A167
3668,D370
3669,S259
3670,P013
3671,T578
3672,Q620
3673,R104
3674,K227
3675,W68
3676,E721
3677,W65
3678,T433
3679,A428
3680,C01
3681,F132
3682,E141
3683,I740
3684,T604
3685,Q792
3686,M471
3687,T019
3688,F072
3689,T510
3690,B948
3691,D440
3692,C925
3693,M500
3694,B171
3695,X45
3696,D688
3697,Q256
3698,P022
3699,C771
3700,T457
3701,N251
3702,V99
3703,M879
3704,Q639
3705,K148
3706,E854
3707,E880
3708,T658
3709,K351
3710,V481
3711,R568
3712,I490
3713,P38
3714,D342
3715,C510
3716,P023
3717,C812
3718,K631
3719,I309
3720,G825
3721,E272
3722,S771
3723,N250
3724,P592
3725,S152
3726,B909
3727,B49
3728,I510
3729,N324
3730,R780
3731,V978
3732,T731
3733,L982
3734,E146
3735,S18
3736,C313
3737,S381
3738,I071
3739,Y891
3740,M023
3741,S080
3742,V784
3743,V400
3744,Y495
3745,T939
3746,W83
3747,V039
3748,Y356
3749,J440
3750,S260
3751,W14
3752,C831
3753,Q289
3754,I420
3755,R824
3756,N23
3757,B24
3758,T954
3759,B259
3760,S127
3761,C182
3762,D287
3763,Q932
3764,I350
3765,E201
3766,E871
3767,I229
3768,C459
3769,O995
3770,C23
3771,O742
3772,T454
3773,E756
3774,D599
3775,P284
3776,T529
3777,R31
3778,N10
3779,S211
3780,I259
3781,J690
3782,T809
3783,M849
3784,M611
3785,Q781
3786,R631
3787,T409
3788,V459
3789,S324
3790,D382
3791,F318
3792,C61
3793,D686
3794,F149
3795,S269
3796,V290
3797,Q208
3798,I281
3799,E41
3800,D157
3801,A408
3802,I713
3803,C490
3804,Q794
3805,R629
3806,T96
3807,I839
3808,T542
3809,V282
3810,V645
3811,C839
3812,E789
3813,K316
3814,E743
3815,R798
3816,T66
3817,V189
3818,P288
3819,K929
3820,D137
3821,S029
3822,I731
3823,F129
3824,V484
3825,S651
3826,G700
3827,D002
3828,S880
3829,M856
3830,G711
3831,T842
3832,B027
3833,T118
3834,M250
3835,N201
3836,J384
3837,I213
3838,G244
3839,I633
3840,B019
3841,Y649
3842,F402
3843,T560
3844,V904
3845,W39
3846,C151
3847,B003
3848,J438
3849,G404
3850,B460
3851,Y832
3852,Y407
3853,Q891
3854,V193
3855,C97
3856,C496
3857,W06
3858,R000
3859,V091
3860,C827
3861,M246
3862,E119
3863,J010
3864,T315
3865,J209
3866,V839
3867,X47
3868,L539
3869,Q610
3870,C717
3871,V439
3872,I358
3873,H110
3874,F258
3875,W44
3876,K638
3877,M257
3878,D819
3879,T97
3880,I6000
3881,E638
3882,P269
3883,V498
3884,M331
3885,C780
3886,S014
3887,G822
3888,I120
3889,R601
3890,F909
3891,T136
3892,D691
3893,S108
3894,K558
3895,G129
3896,C779
3897,P236
3898,T532
3899,C931
3900,Y15
3901,J984
3902,K069
3903,C343
3904,T791
3905,L519
3906,I778
3907,T148
3908,R049
3909,G930
3910,F133
3911,S451
3912,V555
3913,R200
3914,N482
3915,Q262
3916,H602
3917,C834
3918,D433
3919,I802
3920,K267
3921,D051
3922,Y658
3923,C184
3924,S724
3925,I400
3926,B059
3927,D350
3928,T856
3929,L80
3930,C58
3931,C832
3932,I675
3933,G608
3934,P051
3935,C109
3936,S110
3937,W34
3938,I252
3939,M538
3940,Y872
3941,E781
0,M706
1,V946
2,G000
3,I092
4,C671
5,Q398
6,H341
7,D133
8,D339
9,V907
10,V110
11,H931
12,M712
13,K850
14,K283
15,B204
16,F201
17,Y459
18,E539
19,G547
20,Q811
21,F04
22,S620
23,D578
24,B202
25,P519
26,G458
27,A219
28,S460
29,B209
30,B218
31,J431
32,Y31
33,C690
34,D802
35,Q658
36,N413
37,F197
38,Q378
39,R391
40,C162
41,H359
42,F013
43,E807
44,E101
45,Y479
46,S934
47,Q348
48,K053
49,T982
50,L508
51,D291
52,S831
53,N433
54,H819
55,G803
56,R431
57,T851
58,R896
59,J218
60,S581
61,R453
62,P700
63,T889
64,K803
65,E051
66,I446
67,D530
68,G574
69,M703
70,G128
71,I606
72,F182
73,Q742
74,J060
75,G112
76,F063
77,K741
78,V135
79,V159
80,C158
81,I870
82,L208
83,E783
84,K076
85,Y425
86,V816
87,Y536
88,T446
89,F809
90,N018
91,C957
92,Q761
93,R92
94,H189
95,Q310
96,V490
97,V835
98,T524
99,E610
100,T055
101,C461
102,W26
103,N358
104,E116
105,S849
106,T902
107,C722
108,B351
109,S005
110,D229
111,B232
112,Y468
113,L22
114,I721
115,T039
116,D421
117,F117
118,K858
119,G418
120,A392
121,D681
122,G218
123,I460
124,S809
125,D075
126,N050
127,L589
128,F638
129,W89
130,A438
131,Y369
132,G471
133,C154
134,G545
135,Q078
136,B162
137,M966
138,D367
139,C020
140,G110
141,V170
142,D071
143,I256
144,J65
145,Q668
146,T115
147,G405
148,I360
149,Y528
150,M400
151,V441
152,C323
153,G472
154,K299
155,C248
156,C153
157,C102
158,H185
159,B372
160,M510
161,C502
162,E45
163,D386
164,F051
165,F444
166,R938
167,E030
168,O429
169,Q012
170,P200
171,B787
172,B393
173,G619
174,S210
175,B083
176,C673
177,F959
178,V818
179,D412
180,V405
181,Q174
182,F320
183,T636
184,K352
185,O987
186,G620
187,S527
188,A691
189,T633
190,D132
191,T214
192,S100
193,O059
194,R300
195,V020
196,B380
197,D144
198,A329
199,N809
200,I423
201,G401
202,K007
203,H351
204,J108
205,V804
206,P834
207,V922
208,C944
209,V195
210,V487
211,B213
212,P961
213,T506
214,D800
215,L102
216,G832
217,N130
218,T252
219,X98
220,C188
221,M896
222,R942
223,M008
224,B005
225,F122
226,K461
227,M002
228,F060
229,B488
230,M860
231,M339
232,R946
233,C672
234,T282
235,E755
236,R103
237,U017
238,L598
239,P049
240,V845
241,G212
242,B452
243,E618
244,I062
245,N158
246,K056
247,H445
248,T522
249,L680
250,M840
251,J672
252,N144
253,E531
254,C470
255,Y509
256,P616
257,G118
258,G802
259,C674
260,B211
261,Y480
262,M089
263,Q719
264,G369
265,T926
266,L059
267,U049
268,E268
269,S344
270,V192
271,S013
272,C939
273,E111
274,Q068
275,Y640
276,J302
277,B207
278,N601
279,V952
280,F333
281,L980
282,D175
283,D446
284,O432
285,G804
286,T277
287,E114
288,Q621
289,G242
290,L403
291,I602
292,M153
293,K276
294,P610
295,K117
296,T590
297,Q799
298,M858
299,G509
300,B200
301,E104
302,E278
303,V190
304,H440
305,B479
306,B432
307,D139
308,T275
309,R432
310,V825
311,D511
312,T55
313,U071
314,C500
315,R478
316,Q159
317,B373
318,T232
319,S881
320,S469
321,P612
322,K070
323,E122
324,C474
325,D179
326,V670
327,B011
328,A187
329,Q740
330,G579
331,I368
332,A420
333,Y633
334,P740
335,O692
336,T500
337,D411
338,C101
339,L932
340,Y521
341,M707
342,D568
343,Y465
344,V270
345,C178
346,S617
347,L859
348,D269
349,F175
350,A513
351,L00
352,A053
353,M470
354,W09
355,F418
356,M940
357,I271
358,D099
359,N483
360,B342
361,C168
362,S112
363,T594
364,R781
365,L138
366,M959
367,S053
368,L402
369,Q238
370,H499
371,K500
372,C508
373,L104
374,N815
375,D420
376,B602
377,K284
378,O909
379,M128
380,A482
381,B217
382,D093
383,H401
384,T843
385,R748
386,R065
387,I018
388,C631
389,G521
390,T885
391,I950
392,H46
393,Y458
394,K804
395,C543
396,S984
397,K353
398,E568
399,E135
400,Q812
401,E613
402,I029
403,K752
404,I208
405,D373
406,Q652
407,G800
408,G113
409,C440
410,A549
411,B219
412,N132
413,A022
414,P030
415,D730
416,T742
417,S136
418,H270
419,B462
420,O365
421,C945
422,E784
423,P545
424,T473
425,H729
426,E103
427,N202
428,S452
429,G523
430,F450
431,R700
432,I082
433,F952
434,T478
435,K808
436,J678
437,R619
438,C506
439,Q709
440,B392
441,H539
442,E649
443,M435
444,J634
445,M508
446,C504
447,Q222
448,D168
449,C258
450,E110
451,N648
452,Q800
453,M969
454,Q402
455,M540
456,T204
457,V444
458,K853
459,L131
460,Q825
461,M082
462,K764
463,E710
464,F105
465,E703
466,C150
467,R202
468,Q447
469,F480
470,E113
471,C103
472,D141
473,E129
474,L440
475,A370
476,E893
477,Q773
478,I600
479,L983
480,Y890
481,D413
482,D119
483,V250
484,T671
485,F522
486,T650
487,N131
488,O969
489,D590
490,R821
491,N822
492,O410
493,S315
494,E125
495,K404
496,C505
497,D384
498,G708
499,K717
500,M231
501,M060
502,D001
503,E169
504,T501
505,G438
506,H520
507,C574
508,N459
509,E788
510,G937
511,F194
512,D501
513,Q564
514,E441
515,Y517
516,Y607
517,Q322
518,P158
519,K314
520,N488
521,N852
522,E107
523,T800
524,Q241
525,S228
526,H811
527,A220
528,H209
529,R829
530,L600
531,Q054
532,Y845
533,M214
534,N486
535,B419
536,T379
537,F603
538,O240
539,S300
540,M061
541,J068
542,X29
543,D560
544,H024
545,Q641
546,E890
547,O971
548,H358
549,L900
550,V229
551,I083
552,V550
553,V805
554,F177
555,C268
556,B500
557,K287
558,R81
559,X21
560,R491
561,V847
562,L719
563,S081
564,K751
565,T374
566,E120
567,C448
568,K602
569,N398
570,K261
571,H579
572,F071
573,N991
574,N850
575,V775
576,M243
577,M544
578,K146
579,S359
580,F69
581,T822
582,M418
583,W50
584,P582
585,V556
586,N710
587,C183
588,H342
589,F21
590,R223
591,A395
592,D813
